Job ID,Job Title,Skill Requirements
1,Data Scientist,"Python, SQL, Machine Learning, Statistics, Pandas, Data Visualization"
2,AI Engineer,"Python, TensorFlow, PyTorch, NLP, Deep Learning, Algorithms"
3,Web Developer,"HTML, CSS, JavaScript, React, Node.js, SQL"
4,Mobile App Developer,"Java, Kotlin, Android SDK, Flutter, UI/UX"
5,Cloud Engineer,"AWS, Azure, Google Cloud, DevOps, Docker, Kubernetes"
6,Cybersecurity Analyst,"Networking, Python, Ethical Hacking, Security Tools"
7,Database Administrator,"SQL, PostgreSQL, MySQL, MongoDB, Backup & Recovery"
8,DevOps Engineer,"CI/CD, Jenkins, Docker, Kubernetes, Linux, Git"
9,Business Analyst,"Excel, SQL, Data Analysis, Communication, Agile"
10,Project Manager,"Agile, Scrum, Risk Management, Leadership, Communication"
11,Software Engineer,"Java, Python, C++, Git, Algorithms, Problem Solving"
12,Frontend Developer,"HTML, CSS, JavaScript, React, Vue.js, Figma"
13,Backend Developer,"Java, Python, Node.js, SQL, APIs"
14,Full Stack Developer,"HTML, CSS, JavaScript, Python, SQL, React, Node.js"
15,Machine Learning Engineer,"Python, R, TensorFlow, Machine Learning, Data Analysis"
16,Data Analyst,"Python, SQL, Excel, Data Visualization, Statistics"
17,Network Engineer,"Networking, TCP/IP, Routers, Firewalls, Linux"
18,Systems Engineer,"Linux, Bash, Scripting, System Administration"
19,UI/UX Designer,"Figma, Adobe XD, Wireframing, Prototyping, UX Research"
20,Product Manager,"Agile, Scrum, Project Planning, Communication, Leadership"
21,QA Engineer,"Selenium, Java, Python, Test Automation, QA Processes"
22,Game Developer,"C++, Unity, Unreal Engine, Game Physics, 3D Modeling"
23,Embedded Systems Engineer,"C, Embedded C, Microcontrollers, IoT Protocols"
24,IoT Developer,"Python, Arduino, Raspberry Pi, IoT Protocols"
25,Blockchain Developer,"Solidity, Blockchain Fundamentals, Smart Contracts, Ethereum"
26,Digital Marketing Specialist,"SEO, Google Analytics, SEM, Content Strategy"
27,SEO Specialist,"SEO, Keyword Research, On-Page & Off-Page SEO"
28,Content Writer,"Content Writing, Blogging, SEO, Editing"
29,Copywriter,"Copywriting, Marketing, Advertising, Creative Writing"
30,Social Media Manager,"Social Media Marketing, Analytics, Content Creation"
31,Graphic Designer,"Photoshop, Illustrator, Graphic Design, Branding"
32,Animator,"Animation, 2D/3D Animation, Motion Graphics"
33,Video Editor,"Video Editing, Premiere Pro, After Effects, Storytelling"
34,Financial Analyst,"Excel, Financial Modeling, Accounting, Reporting"
35,Accountant,"Accounting, Bookkeeping, Tax, Financial Reporting"
36,HR Specialist,"HR Policies, Recruitment, Employee Engagement"
37,Recruitment Manager,"Recruitment, HR Policies, Talent Management"
38,Operations Manager,"Operations Management, Process Improvement, Planning"
39,Supply Chain Analyst,"Supply Chain, Inventory Management, Logistics"
40,Logistics Manager,"Logistics, Transportation, Inventory, Planning"
41,Consultant,"Business Strategy, Analysis, Consulting"
42,Research Scientist,"Research, Data Analysis, Scientific Method"
43,Physician,"Medical Knowledge, Patient Care, Diagnosis"
44,Nurse,"Patient Care, Medical Procedures, Health Monitoring"
45,Medical Lab Technician,"Laboratory Testing, Sample Analysis, Equipment Handling"
46,Pharmacist,"Pharmacology, Drug Administration, Patient Safety"
47,Teacher,"Teaching, Curriculum Design, Classroom Management"
48,Professor,"Research, Teaching, Subject Expertise"
49,Lecturer,"Teaching, Curriculum Development, Student Assessment"
50,Instructional Designer,"Instructional Design, eLearning, Course Development"
51,Lawyer,"Legal Knowledge, Research, Case Management"
52,Legal Advisor,"Legal Advice, Contract Drafting, Compliance"
53,Paralegal,"Legal Research, Documentation, Case Support"
54,Architect,"Architecture Design, CAD, Project Management"
55,Civil Engineer,"Civil Engineering, Design, Construction, Project Management"
56,Mechanical Engineer,"Mechanical Engineering, Design, CAD, Manufacturing"
57,Electrical Engineer,"Electrical Engineering, Circuits, Power Systems"
58,Electronics Engineer,"Electronics Engineering, PCB Design, Embedded Systems"
59,Chemical Engineer,"Chemical Engineering, Process Design, Safety"
60,Petroleum Engineer,"Petroleum Engineering, Drilling, Reservoir Management"
61,Environmental Engineer,"Environmental Engineering, Sustainability, Regulations"
62,Biotechnologist,"Biotechnology, Lab Techniques, Research"
63,Geneticist,"Genetics, Molecular Biology, Research Techniques"
64,Astronomer,"Astronomy, Data Analysis, Research Methods"
65,Physicist,"Physics, Experiments, Data Analysis, Research"
66,Chemist,"Chemistry, Lab Work, Chemical Analysis"
67,Mathematician,"Mathematics, Algebra, Calculus, Statistics"
68,Statistician,"Statistics, Probability, Data Analysis"
69,Economist,"Economics, Data Analysis, Modelling"
70,Sociologist,"Sociology, Research Methods, Data Analysis"
71,Psychologist,"Psychology, Counseling, Research"
72,Counselor,"Counseling, Communication, Psychology"
73,Therapist,"Therapy, Patient Care, Communication"
74,Event Manager,"Event Planning, Coordination, Budgeting"
75,Hotel Manager,"Hospitality, Management, Customer Service"
76,Chef,"Cooking, Food Preparation, Recipe Development"
77,Nutritionist,"Nutrition, Diet Planning, Health Assessment"
78,Fitness Trainer,"Fitness, Exercise Planning, Training"
79,Yoga Instructor,"Yoga, Meditation, Wellness"
80,Pilot,"Aviation, Navigation, Safety Procedures"
81,Air Traffic Controller,"Air Traffic Control, Communication, Coordination"
82,Logistics Coordinator,"Logistics, Planning, Coordination"
83,Quality Manager,"Quality Assurance, Process Improvement, Reporting"
84,Compliance Officer,"Compliance, Regulations, Auditing"
85,Risk Manager,"Risk Assessment, Mitigation, Planning"
86,Sales Manager,"Sales Strategy, Negotiation, Customer Relationship"
87,Marketing Manager,"Marketing Strategy, Campaign Management, Branding"
88,Brand Manager,"Branding, Market Analysis, Promotion"
89,Operations Analyst,"Operations, Analysis, Reporting"
90,Business Development Manager,"Business Development, Market Research, Sales"
91,UX Researcher,"UX Research, Prototyping, Usability Testing"
92,Interaction Designer,"Interaction Design, Wireframing, Prototyping"
93,IT Support Specialist,"IT Support, Troubleshooting, Hardware & Software"
94,Technical Support Engineer,"Technical Support, Networking, Problem Solving"
95,Help Desk Technician,"Help Desk, Customer Support, IT Troubleshooting"
96,Electronics Technician,"Electronics, Hardware Repair, Testing"
97,Robotics Engineer,"Robotics, Automation, Programming, Mechanical Design"
98,AI Researcher,"Python, AI, Research, Algorithms"
99,Cloud Architect,"Cloud Architecture, AWS, Azure, GCP, DevOps"
100,Data Engineer,"Python, SQL, ETL, Data Pipelines"
101,Network Security Engineer,"Networking, Security, Firewalls, Intrusion Detection"
102,Penetration Tester,"Penetration Testing, Security Tools, Ethical Hacking"
103,IT Auditor,"IT Audit, Compliance, Risk Assessment"
104,Information Security Manager,"Information Security, Risk Management, Policies"
105,Scrum Master,"Scrum, Agile, Project Management, Leadership"
