Skill Name,Estimated Completion Time (hours)
Python,49
Java,48
C,51
C++,31
JavaScript,75
HTML,75
CSS,36
SQL,39
PostgreSQL,58
MongoDB,75
Data Structures,22
Algorithms,25
OOP,60
Git,32
GitHub,20
REST APIs,41
Flask,55
Django,78
Spring Boot,41
React,55
Angular,32
Vue.js,34
Node.js,43
Express.js,29
Machine Learning,73
Deep Learning,75
Data Visualization,63
Pandas,39
Numpy,72
Scikit-learn,26
TensorFlow,39
PyTorch,68
AI,37
NLP,77
Computer Vision,53
SQL Optimization,60
Power BI,70
Tableau,61
Excel Advanced,55
Big Data,75
Hadoop,33
Spark,23
Cloud Computing,34
AWS,69
Azure,69
Google Cloud,26
DevOps,28
Docker,27
Kubernetes,39
CI/CD,55
Linux,65
Networking Basics,48
Cybersecurity Basics,49
Ethical Hacking,41
Pen Testing,57
Software Testing,27
Selenium,37
Postman,54
API Testing,55
JIRA,41
Agile,72
Scrum,46
Business Analysis,69
Project Management,53
Risk Management,46
Financial Analysis,28
Accounting Basics,34
Marketing,60
Digital Marketing,50
SEO,78
Content Writing,80
Copywriting,42
Communication,71
Public Speaking,30
Leadership,33
Time Management,30
Problem-Solving,29
Critical Thinking,71
Creativity,32
Negotiation,50
Conflict Resolution,71
Emotional Intelligence,51
Team Management,70
Customer Service,69
Presentation Skills,49
Data Analysis,80
Statistical Analysis,22
Regression Analysis,66
Predictive Modeling,47
AI Deployment,38
Web Development,25
Mobile App Development,38
Android Dev,31
iOS Dev,59
Kotlin,40
Swift,66
UI/UX Design,65
Figma,25
Adobe XD,57
Photoshop,48
Illustrator,36
Animation,71
Video Editing,48
Premiere Pro,62
After Effects,73
3D Modeling,80
Blender,58
Unity 3D,44
Game Development,50
